"","Mean","Median","Mode","ESS","HDImass","HDIlow","HDIhigh","CompVal","PcntGtCompVal","ROPElow","ROPEhigh","PcntLtROPE","PcntInROPE","PcntGtROPE"
"theta[1]",0.0401802992665693,0.0398807225098437,0.0390530853279621,50000,0.95,0.0284715661014267,0.0525216952870783,NA,NA,NA,NA,NA,NA,NA
"theta[2]",0.0752627865277394,0.0749935549897887,0.0745371585878377,50000,0.95,0.0594464597022344,0.0921180208873937,NA,NA,NA,NA,NA,NA,NA
"theta[3]",0.335306154061215,0.335215702026769,0.335107753055201,50000,0.95,0.306146448393176,0.364989399344933,NA,NA,NA,NA,NA,NA,NA
"theta[1]-theta[2]",-0.03508248726117,-0.0349732436322124,-0.0340325449278539,50000,0.95,-0.0551955379929832,-0.0147468276657747,0,0.032,NA,NA,NA,NA,NA
"theta[1]-theta[3]",-0.295125854794646,-0.295102264661998,-0.295776829762714,50000,0.95,-0.327095863509581,-0.263540150478921,0,0,NA,NA,NA,NA,NA
"theta[2]-theta[3]",-0.260043367533476,-0.259960864687506,-0.258866137511483,50000,0.95,-0.294103637185065,-0.227068914913607,0,0,NA,NA,NA,NA,NA
